pb,altitude,aspect1,preciptn,roughness1,slope,tempAvg,tempMin
1,57,145.0079803,246,26,73239.33594,256,213
1,101,283.3091736,170,198,860100.5625,246,204
1,26,230.0179749,39,178,436543.8125,268,215
1,1257,126.0604401,273,200,191119.0781,180,137
1,1257,126.0604401,273,200,191119.0781,180,137
1,1257,126.0604401,273,200,191119.0781,180,137
1,1257,126.0604401,273,200,191119.0781,180,137
1,1257,126.0604401,273,200,191119.0781,180,137
1,114,107.7368851,115,445,2102438.25,260,217
1,146,337.6645508,180,197,418389.7813,242,201
1,146,337.6645508,180,197,418389.7813,242,201
1,146,337.6645508,180,197,418389.7813,242,201
1,146,337.6645508,180,197,418389.7813,242,201
1,146,337.6645508,180,197,418389.7813,242,201
1,146,337.6645508,180,197,418389.7813,242,201
1,146,337.6645508,180,197,418389.7813,242,201
1,146,337.6645508,180,197,418389.7813,242,201
1,146,337.6645508,180,197,418389.7813,242,201
1,146,337.6645508,180,197,418389.7813,242,201
1,146,337.6645508,180,197,418389.7813,242,201
1,146,337.6645508,180,197,418389.7813,242,201
1,146,337.6645508,180,197,418389.7813,242,201
1,146,337.6645508,180,197,418389.7813,242,201
1,146,337.6645508,180,197,418389.7813,242,201
1,146,337.6645508,180,197,418389.7813,242,201
1,159,250.5296936,179,96,315014.2813,243,201
1,159,250.5296936,179,96,315014.2813,243,201
1,1542,49.11182785,255,405,1982172.625,167,124
1,330,232.4549255,138,448,1782123.75,247,203
1,159,250.5296936,179,96,315014.2813,243,201
1,20,272.5050964,39,127,480459.1563,269,216
1,20,272.5050964,39,127,480459.1563,269,216
1,966,217.7288208,201,302,1340850.625,206,161
1,244,303.4727783,76,218,987234.75,254,205
1,244,303.4727783,76,218,987234.75,254,205
1,244,303.4727783,76,218,987234.75,254,205
1,244,303.4727783,76,218,987234.75,254,205
1,3,270,170,5,12000,268,219
1,1257,126.0604401,273,200,191119.0781,180,137
1,28,230.04245,202,14,72405.10938,267,214
1,26,230.0179749,39,178,436543.8125,268,215
1,26,230.0179749,39,178,436543.8125,268,215
1,1257,126.0604401,273,200,191119.0781,180,137
1,159,250.5296936,179,96,315014.2813,243,201
1,159,250.5296936,179,96,315014.2813,243,201
1,159,250.5296936,179,96,315014.2813,243,201
1,159,250.5296936,179,96,315014.2813,243,201
1,245,137.6025696,118,70,46717.23438,252,203
1,245,137.6025696,118,70,46717.23438,252,203
1,245,137.6025696,118,70,46717.23438,252,203
1,245,137.6025696,118,70,46717.23438,252,203
1,245,137.6025696,118,70,46717.23438,252,203
1,612,75.63243103,138,326,1698626.625,233,185
1,612,75.63243103,138,326,1698626.625,233,185
1,612,75.63243103,138,326,1698626.625,233,185
1,38,211.218399,175,65,231525.375,263,216
1,835,137.8881531,228,212,1178830.125,209,164
1,159,250.5296936,179,96,315014.2813,243,201
1,159,250.5296936,179,96,315014.2813,243,201
1,188,259.315094,152,66,161805.4375,245,200
1,188,259.315094,152,66,161805.4375,245,200
1,188,259.315094,152,66,161805.4375,245,200
1,188,259.315094,152,66,161805.4375,245,200
1,28,192.2647705,219,12,35305.80859,264,205
1,45,68.19859314,239,15,32310.98828,263,219
1,23,285.7247314,316,43,160507.0156,257,221
1,33,347.822876,279,160,583120.0625,258,220
1,33,347.822876,279,160,583120.0625,258,220
1,181,227.2120361,169,186,989272.4375,256,208
1,1021,126.7241058,251,358,1179003.875,195,151
1,1021,126.7241058,251,358,1179003.875,195,151
1,4,118.1237335,344,64,197294.2031,259,231
1,159,250.5296936,179,96,315014.2813,243,201
1,159,250.5296936,179,96,315014.2813,243,201
1,159,250.5296936,179,96,315014.2813,243,201
1,159,250.5296936,179,96,315014.2813,243,201
1,159,250.5296936,179,96,315014.2813,243,201
1,159,250.5296936,179,96,315014.2813,243,201
1,159,250.5296936,179,96,315014.2813,243,201
1,159,250.5296936,179,96,315014.2813,243,201
1,159,250.5296936,179,96,315014.2813,243,201
1,159,250.5296936,179,96,315014.2813,243,201
1,159,250.5296936,179,96,315014.2813,243,201
1,159,250.5296936,179,96,315014.2813,243,201
1,159,250.5296936,179,96,315014.2813,243,201
1,159,250.5296936,179,96,315014.2813,243,201
1,159,250.5296936,179,96,315014.2813,243,201
1,159,250.5296936,179,96,315014.2813,243,201
1,159,250.5296936,179,96,315014.2813,243,201
1,159,250.5296936,179,96,315014.2813,243,201
1,159,250.5296936,179,96,315014.2813,243,201
1,159,250.5296936,179,96,315014.2813,243,201
1,159,250.5296936,179,96,315014.2813,243,201
1,1257,126.0604401,273,200,191119.0781,180,137
1,159,250.5296936,179,96,315014.2813,243,201
1,159,250.5296936,179,96,315014.2813,243,201
1,159,250.5296936,179,96,315014.2813,243,201
1,206,269.1212769,120,307,978115,258,202
1,580,150.7748413,51,532,2153641.75,239,188
1,580,150.7748413,51,532,2153641.75,239,188
1,72,174.8055725,164,35,33136.08203,247,205
1,72,174.8055725,164,35,33136.08203,247,205
1,72,174.8055725,164,35,33136.08203,247,205
1,72,174.8055725,164,35,33136.08203,247,205
1,72,174.8055725,164,35,33136.08203,247,205
1,72,174.8055725,164,35,33136.08203,247,205
1,101,283.3091736,170,198,860100.5625,246,204
1,124,20.65891266,62,67,195576.0781,261,210
1,124,20.65891266,62,67,195576.0781,261,210
1,124,20.65891266,62,67,195576.0781,261,210
1,124,20.65891266,62,67,195576.0781,261,210
1,145,222.239151,122,263,836771.5,261,204
1,580,150.7748413,51,532,2153641.75,239,188
1,580,150.7748413,51,532,2153641.75,239,188
1,580,150.7748413,51,532,2153641.75,239,188
1,13,38.29016495,40,42,145244.625,267,214
1,580,150.7748413,51,532,2153641.75,239,188
1,580,150.7748413,51,532,2153641.75,239,188
1,580,150.7748413,51,532,2153641.75,239,188
1,13,38.29016495,40,42,145244.625,267,214
1,13,38.29016495,40,42,145244.625,267,214
1,580,150.7748413,51,532,2153641.75,239,188
1,14,357.5236206,39,368,1701088.625,268,216
1,13,38.29016495,40,42,145244.625,267,214
1,1257,126.0604401,273,200,191119.0781,180,137
1,28,230.04245,202,14,72405.10938,267,214
1,1223,142.0772552,270,440,946959.875,182,139
1,58,236.6336365,167,35,73637.625,265,217
1,943,186.7645264,235,376,1744645.125,203,158
1,26,230.0179749,39,178,436543.8125,268,215
1,26,230.0179749,39,178,436543.8125,268,215
1,26,230.0179749,39,178,436543.8125,268,215
1,147,170.6629333,49,187,563972.0625,256,207
1,26,230.0179749,39,178,436543.8125,268,215
1,26,230.0179749,39,178,436543.8125,268,215
1,26,230.0179749,39,178,436543.8125,268,215
1,1167,286.7784424,168,546,1247091,198,157
1,1167,286.7784424,168,546,1247091,198,157
1,1167,286.7784424,168,546,1247091,198,157
1,118,77.19573212,194,28,135366.1719,254,205
1,112,30.96375656,196,30,131196.4219,249,202
1,95,231.3401947,195,35,57628.11719,250,202
1,95,231.3401947,195,35,57628.11719,250,202
1,862,211.8615265,238,268,886585,206,161
1,98,45,188,74,97580.73438,252,205
1,67,168.4078217,187,28,119436.1719,255,207
1,678,120.6162338,212,323,1272371.375,221,175
1,128,60.01836014,195,28,90049.98438,255,206
1,128,60.01836014,195,28,90049.98438,255,206
1,67,168.4078217,187,28,119436.1719,255,207
1,98,45,188,74,97580.73438,252,205
1,835,137.8881531,228,212,1178830.125,209,164
1,862,211.8615265,238,268,886585,206,161
1,862,211.8615265,238,268,886585,206,161
1,862,211.8615265,238,268,886585,206,161
1,33,30.17351913,281,19,74608.98438,258,221
1,835,137.8881531,228,212,1178830.125,209,164
1,92,256.6838989,169,160,521007.6875,247,205
1,92,256.6838989,169,160,521007.6875,247,205
1,160,287.3279419,151,66,196414.1094,246,201
1,160,287.3279419,151,66,196414.1094,246,201
1,160,287.3279419,151,66,196414.1094,246,201
1,23,285.7247314,316,43,160507.0156,257,221
1,862,211.8615265,238,268,886585,206,161
1,160,287.3279419,151,66,196414.1094,246,201
1,23,285.7247314,316,43,160507.0156,257,221
1,72,345.6506653,189,20,66577.02344,248,204
1,1178,211.694397,251,584,2138418.25,188,144
1,58,236.6336365,167,35,73637.625,265,217
1,145,222.239151,122,263,836771.5,261,204
1,145,222.239151,122,263,836771.5,261,204
1,159,250.5296936,179,96,315014.2813,243,201
1,32,34.21570206,377,21,90697.29688,257,228
1,1177,349.7113953,265,295,1419321.875,185,142
1,92,256.6838989,169,160,521007.6875,247,205
1,124,94.00018311,181,225,430047.6563,244,203
1,1250,302.6375122,272,148,317064.6563,180,137
1,124,94.00018311,181,225,430047.6563,244,203
1,862,211.8615265,238,268,886585,206,161
1,119,281.555481,173,172,411847.6563,245,203
1,862,211.8615265,238,268,886585,206,161
1,119,281.555481,173,172,411847.6563,245,203
1,1273,120.854599,274,543,2430482.25,179,136
1,124,94.00018311,181,225,430047.6563,244,203
1,124,94.00018311,181,225,430047.6563,244,203
1,1273,120.854599,274,543,2430482.25,179,136
1,28,64.83213043,374,41,137559.0781,257,228
1,92,256.6838989,169,160,521007.6875,247,205
1,33,30.17351913,281,19,74608.98438,258,221
1,88,194.4207764,166,35,108415.8672,246,204
1,33,30.17351913,281,19,74608.98438,258,221
1,88,194.4207764,166,35,108415.8672,246,204
1,33,30.17351913,281,19,74608.98438,258,221
1,92,256.6838989,169,160,521007.6875,247,205
1,835,137.8881531,228,212,1178830.125,209,164
1,159,250.5296936,179,96,315014.2813,243,201
1,159,250.5296936,179,96,315014.2813,243,201
1,159,250.5296936,179,96,315014.2813,243,201
1,159,250.5296936,179,96,315014.2813,243,201
1,159,250.5296936,179,96,315014.2813,243,201
1,1273,120.854599,274,543,2430482.25,179,136
1,1250,302.6375122,272,148,317064.6563,180,137
1,92,256.6838989,169,160,521007.6875,247,205
1,88,194.4207764,166,35,108415.8672,246,204
1,92,256.6838989,169,160,521007.6875,247,205
1,92,256.6838989,169,160,521007.6875,247,205
1,1273,120.854599,274,543,2430482.25,179,136
1,88,194.4207764,166,35,108415.8672,246,204
1,124,94.00018311,181,225,430047.6563,244,203
1,33,30.17351913,281,19,74608.98438,258,221
1,124,94.00018311,181,225,430047.6563,244,203
1,835,137.8881531,228,212,1178830.125,209,164
1,119,281.555481,173,172,411847.6563,245,203
1,33,30.17351913,281,19,74608.98438,258,221
1,119,281.555481,173,172,411847.6563,245,203
1,33,30.17351913,281,19,74608.98438,258,221
1,124,94.00018311,181,225,430047.6563,244,203
1,124,94.00018311,181,225,430047.6563,244,203
1,145,222.239151,122,263,836771.5,261,204
1,145,222.239151,122,263,836771.5,261,204
1,145,222.239151,122,263,836771.5,261,204
1,145,222.239151,122,263,836771.5,261,204
1,159,250.5296936,179,96,315014.2813,243,201
1,159,250.5296936,179,96,315014.2813,243,201
1,159,250.5296936,179,96,315014.2813,243,201
1,74,117.4744339,186,46,42267.00781,253,206
1,862,211.8615265,238,268,886585,206,161
1,862,211.8615265,238,268,886585,206,161
1,33,347.822876,279,160,583120.0625,258,220
1,33,347.822876,279,160,583120.0625,258,220
1,33,347.822876,279,160,583120.0625,258,220
1,28,64.83213043,374,41,137559.0781,257,228
1,1257,126.0604401,273,200,191119.0781,180,137
1,1257,126.0604401,273,200,191119.0781,180,137
1,88,92.3215332,185,115,222182.3594,262,211
1,1257,126.0604401,273,200,191119.0781,180,137
1,124,20.65891266,62,67,195576.0781,261,210
1,124,20.65891266,62,67,195576.0781,261,210
1,33,30.17351913,281,19,74608.98438,258,221
1,124,20.65891266,62,67,195576.0781,261,210
1,124,20.65891266,62,67,195576.0781,261,210
1,124,20.65891266,62,67,195576.0781,261,210
1,124,20.65891266,62,67,195576.0781,261,210
1,124,20.65891266,62,67,195576.0781,261,210
1,124,20.65891266,62,67,195576.0781,261,210
1,124,20.65891266,62,67,195576.0781,261,210
1,155,268.3914795,64,394,1923758,258,208
1,23,285.7247314,316,43,160507.0156,257,221
1,124,20.65891266,62,67,195576.0781,261,210
1,124,20.65891266,62,67,195576.0781,261,210
1,121,46.68233109,130,369,1517398.125,263,206
1,74,117.4744339,186,46,42267.00781,253,206
1,74,117.4744339,186,46,42267.00781,253,206
1,115,168.0706787,65,201,217701.625,260,209
1,115,318.0447998,62,65,199686,260,210
1,115,318.0447998,62,65,199686,260,210
1,115,318.0447998,62,65,199686,260,210
1,115,168.0706787,65,201,217701.625,260,209
1,124,20.65891266,62,67,195576.0781,261,210
1,124,20.65891266,62,67,195576.0781,261,210
1,124,20.65891266,62,67,195576.0781,261,210
1,124,20.65891266,62,67,195576.0781,261,210
1,124,20.65891266,62,67,195576.0781,261,210
1,124,20.65891266,62,67,195576.0781,261,210
1,124,20.65891266,62,67,195576.0781,261,210
1,124,20.65891266,62,67,195576.0781,261,210
1,124,20.65891266,62,67,195576.0781,261,210
1,124,20.65891266,62,67,195576.0781,261,210
1,92,256.6838989,169,160,521007.6875,247,205
1,98,315,170,34,95459.41406,246,204
1,145,222.239151,122,263,836771.5,261,204
1,33,347.822876,279,160,583120.0625,258,220
1,92,256.6838989,169,160,521007.6875,247,205
1,97,248.5977325,169,97,439830.0938,246,204
1,101,283.3091736,170,198,860100.5625,246,204
1,92,256.6838989,169,160,521007.6875,247,205
1,160,287.3279419,151,66,196414.1094,246,201
1,160,287.3279419,151,66,196414.1094,246,201
1,160,287.3279419,151,66,196414.1094,246,201
1,120,318.6522217,132,146,99904.95313,257,213
1,120,318.6522217,132,146,99904.95313,257,213
1,120,318.6522217,132,146,99904.95313,257,213
1,120,318.6522217,132,146,99904.95313,257,213
1,120,318.6522217,132,146,99904.95313,257,213
1,33,347.822876,279,160,583120.0625,258,220
1,92,256.6838989,169,160,521007.6875,247,205
1,92,256.6838989,169,160,521007.6875,247,205
1,695,75.04072571,226,472,1987352.25,218,172
1,88,222.3974304,188,74,93434.46875,254,206
1,67,168.4078217,187,28,119436.1719,255,207
1,89,146.3099365,187,143,281233,253,205
1,89,146.3099365,187,143,281233,253,205
1,985,209.1288147,238,562,2474450,201,156
1,985,209.1288147,238,562,2474450,201,156
1,23,285.7247314,316,43,160507.0156,257,221
1,23,285.7247314,316,43,160507.0156,257,221
1,943,186.7645264,235,376,1744645.125,203,158
1,1583,53.02183914,254,441,1428902.5,165,122
1,760,146.0975037,221,407,1234355.125,216,170
1,206,269.1212769,120,307,978115,258,202
1,206,269.1212769,120,307,978115,258,202
1,206,269.1212769,120,307,978115,258,202
1,13,38.29016495,40,42,145244.625,267,214
1,580,150.7748413,51,532,2153641.75,239,188
1,580,150.7748413,51,532,2153641.75,239,188
1,580,150.7748413,51,532,2153641.75,239,188
1,14,357.5236206,39,368,1701088.625,268,216
1,206,269.1212769,120,307,978115,258,202
1,74,117.4744339,186,46,42267.00781,253,206
1,1167,286.7784424,168,546,1247091,198,157
1,1167,286.7784424,168,546,1247091,198,157
1,760,146.0975037,221,407,1234355.125,216,170
1,206,269.1212769,120,307,978115,258,202
1,206,269.1212769,120,307,978115,258,202
1,159,250.5296936,179,96,315014.2813,243,201
1,1257,126.0604401,273,200,191119.0781,180,137
1,8,120.5297089,83,17,67915.39063,273,214
1,8,120.5297089,83,17,67915.39063,273,214
1,206,269.1212769,120,307,978115,258,202
1,206,269.1212769,120,307,978115,258,202
1,8,120.5297089,83,17,67915.39063,273,214
1,160,287.3279419,151,66,196414.1094,246,201
1,1161,208.6943359,251,560,2780458,189,145
1,601,212.2789307,224,319,1165640,219,180
1,601,212.2789307,224,319,1165640,219,180
1,601,212.2789307,224,319,1165640,219,180
1,601,212.2789307,224,319,1165640,219,180
1,601,212.2789307,224,319,1165640,219,180
1,601,212.2789307,224,319,1165640,219,180
1,1366,181.0920105,200,390,2046371.625,178,139
1,159,250.5296936,179,96,315014.2813,243,201
1,159,250.5296936,179,96,315014.2813,243,201
1,159,250.5296936,179,96,315014.2813,243,201
1,159,250.5296936,179,96,315014.2813,243,201
1,145,222.239151,122,263,836771.5,261,204
1,1013,290.6235352,206,232,596208,202,158
1,58,236.6336365,167,35,73637.625,265,217
1,26,230.0179749,39,178,436543.8125,268,215
1,26,230.0179749,39,178,436543.8125,268,215
1,26,230.0179749,39,178,436543.8125,268,215
1,491,51.34019089,142,202,902840.5,237,193
1,491,51.34019089,142,202,902840.5,237,193
1,491,51.34019089,142,202,902840.5,237,193
1,491,51.34019089,142,202,902840.5,237,193
1,491,51.34019089,142,202,902840.5,237,193
1,145,222.239151,122,263,836771.5,261,204
1,44,231.3401947,156,7,19209.37305,270,217
1,98,45,188,74,97580.73438,252,205
1,862,211.8615265,238,268,886585,206,161
1,23,285.7247314,316,43,160507.0156,257,221
1,23,285.7247314,316,43,160507.0156,257,221
1,33,347.822876,279,160,583120.0625,258,220
1,58,236.6336365,167,35,73637.625,265,217
1,33,347.822876,279,160,583120.0625,258,220
1,1167,286.7784424,168,546,1247091,198,157
1,58,236.6336365,167,35,73637.625,265,217
1,58,236.6336365,167,35,73637.625,265,217
1,98,55.95406342,118,78,66981.34375,260,217
1,1257,284.9072266,173,495,1603467,192,151
1,1257,284.9072266,173,495,1603467,192,151
1,206,269.1212769,120,307,978115,258,202
1,206,269.1212769,120,307,978115,258,202
1,206,269.1212769,120,307,978115,258,202
1,98,55.95406342,118,78,66981.34375,260,217
1,580,150.7748413,51,532,2153641.75,239,188
1,580,150.7748413,51,532,2153641.75,239,188
1,160,287.3279419,151,66,196414.1094,246,201
1,26,230.0179749,39,178,436543.8125,268,215
1,26,230.0179749,39,178,436543.8125,268,215
1,160,287.3279419,151,66,196414.1094,246,201
1,160,287.3279419,151,66,196414.1094,246,201
1,28,230.04245,202,14,72405.10938,267,214
1,150,98.5738678,173,278,986019.25,258,209
1,150,98.5738678,173,278,986019.25,258,209
1,150,98.5738678,173,278,986019.25,258,209
1,150,98.5738678,173,278,986019.25,258,209
1,1223,142.0772552,270,440,946959.875,182,139
1,92,256.6838989,169,160,521007.6875,247,205
1,92,256.6838989,169,160,521007.6875,247,205
1,92,256.6838989,169,160,521007.6875,247,205
1,92,256.6838989,169,160,521007.6875,247,205
1,92,256.6838989,169,160,521007.6875,247,205
1,92,256.6838989,169,160,521007.6875,247,205
1,92,256.6838989,169,160,521007.6875,247,205
1,92,256.6838989,169,160,521007.6875,247,205
1,92,256.6838989,169,160,521007.6875,247,205
1,124,94.00018311,181,225,430047.6563,244,203
1,124,94.00018311,181,225,430047.6563,244,203
1,150,98.5738678,173,278,986019.25,258,209
1,145,222.239151,122,263,836771.5,261,204
1,835,137.8881531,228,212,1178830.125,209,164
1,145,222.239151,122,263,836771.5,261,204
1,1257,126.0604401,273,200,191119.0781,180,137
1,145,222.239151,122,263,836771.5,261,204
1,159,250.5296936,179,96,315014.2813,243,201
1,159,250.5296936,179,96,315014.2813,243,201
1,1257,126.0604401,273,200,191119.0781,180,137
1,159,250.5296936,179,96,315014.2813,243,201
1,1257,126.0604401,273,200,191119.0781,180,137
1,72,345.6506653,189,20,66577.02344,248,204
1,1257,126.0604401,273,200,191119.0781,180,137
1,197,92.91083527,137,227,531686,254,210
1,197,92.91083527,137,227,531686,254,210
1,1167,286.7784424,168,546,1247091,198,157
1,1167,286.7784424,168,546,1247091,198,157
1,1167,286.7784424,168,546,1247091,198,157
1,36,275.6849365,198,199,666277,266,213
1,1366,181.0920105,200,390,2046371.625,178,139
1,26,230.0179749,39,178,436543.8125,268,215
1,26,230.0179749,39,178,436543.8125,268,215
1,26,230.0179749,39,178,436543.8125,268,215
1,13,38.29016495,40,42,145244.625,267,214
1,28,279.9777222,197,199,986927.0625,267,214
1,1167,286.7784424,168,546,1247091,198,157
1,1167,286.7784424,168,546,1247091,198,157
1,1167,286.7784424,168,546,1247091,198,157
1,36,275.6849365,198,199,666277,266,213
1,1167,286.7784424,168,546,1247091,198,157
1,1167,286.7784424,168,546,1247091,198,157
1,159,250.5296936,179,96,315014.2813,243,201
1,159,250.5296936,179,96,315014.2813,243,201
1,159,250.5296936,179,96,315014.2813,243,201
1,159,250.5296936,179,96,315014.2813,243,201
1,159,250.5296936,179,96,315014.2813,243,201
1,159,250.5296936,179,96,315014.2813,243,201
1,159,250.5296936,179,96,315014.2813,243,201
1,159,250.5296936,179,96,315014.2813,243,201
1,159,250.5296936,179,96,315014.2813,243,201
1,159,250.5296936,179,96,315014.2813,243,201
1,159,250.5296936,179,96,315014.2813,243,201
1,159,250.5296936,179,96,315014.2813,243,201
1,159,250.5296936,179,96,315014.2813,243,201
1,159,250.5296936,179,96,315014.2813,243,201
1,159,250.5296936,179,96,315014.2813,243,201
1,159,250.5296936,179,96,315014.2813,243,201
1,159,250.5296936,179,96,315014.2813,243,201
1,159,250.5296936,179,96,315014.2813,243,201
1,159,250.5296936,179,96,315014.2813,243,201
1,159,250.5296936,179,96,315014.2813,243,201
1,159,250.5296936,179,96,315014.2813,243,201
1,159,250.5296936,179,96,315014.2813,243,201
1,159,250.5296936,179,96,315014.2813,243,201
1,159,250.5296936,179,96,315014.2813,243,201
1,159,250.5296936,179,96,315014.2813,243,201
1,159,250.5296936,179,96,315014.2813,243,201
1,44,130.0302582,173,35,146923.4531,265,217
1,44,130.0302582,173,35,146923.4531,265,217
1,16,315,211,7,21213.20313,269,214
1,173,165.3617249,44,275,830972.9375,258,206
1,53,195.0183716,176,15,63674.95703,269,215
1,1167,286.7784424,168,546,1247091,198,157
1,1167,286.7784424,168,546,1247091,198,157
1,1223,142.0772552,270,440,946959.875,182,139
1,1250,302.6375122,272,148,317064.6563,180,137
1,1057,139.0111237,255,442,2092504.875,193,149
1,1050,158.2304993,254,327,1500511.375,194,150
1,1223,142.0772552,270,440,946959.875,182,139
1,1366,181.0920105,200,390,2046371.625,178,139
1,16,315,211,7,21213.20313,269,214
1,177,322.5595703,122,251,1144856.75,261,204
1,177,322.5595703,122,251,1144856.75,261,204
1,177,322.5595703,122,251,1144856.75,261,204
1,519,184.0599365,147,504,1906785,236,191
1,519,184.0599365,147,504,1906785,236,191
1,9,264.7098999,187,30,162692.9688,268,218
1,1366,181.0920105,200,390,2046371.625,178,139
1,173,165.3617249,44,275,830972.9375,258,206
1,1223,142.0772552,270,440,946959.875,182,139
1,1223,142.0772552,270,440,946959.875,182,139
1,1223,142.0772552,270,440,946959.875,182,139
1,177,322.5595703,122,251,1144856.75,261,204
1,177,322.5595703,122,251,1144856.75,261,204
1,177,322.5595703,122,251,1144856.75,261,204
1,177,322.5595703,122,251,1144856.75,261,204
1,177,322.5595703,122,251,1144856.75,261,204
1,177,322.5595703,122,251,1144856.75,261,204
1,23,285.7247314,316,43,160507.0156,257,221
1,23,285.7247314,316,43,160507.0156,257,221
1,3,157.619873,175,13,27577.16406,269,220
1,1273,120.854599,274,543,2430482.25,179,136
1,1050,158.2304993,254,327,1500511.375,194,150
1,145,222.239151,122,263,836771.5,261,204
1,173,165.3617249,44,275,830972.9375,258,206
1,33,347.822876,279,160,583120.0625,258,220
1,33,347.822876,279,160,583120.0625,258,220
1,173,165.3617249,44,275,830972.9375,258,206
1,173,165.3617249,44,275,830972.9375,258,206
1,725,100.8979263,55,412,1309109,232,182
1,725,100.8979263,55,412,1309109,232,182
1,491,51.34019089,142,202,902840.5,237,193
1,491,51.34019089,142,202,902840.5,237,193
1,1257,126.0604401,273,200,191119.0781,180,137
1,258,319.4412231,125,76,219154.0625,251,202
1,258,319.4412231,125,76,219154.0625,251,202
1,258,319.4412231,125,76,219154.0625,251,202
1,155,75.94226074,177,248,969536.25,243,201
1,159,250.5296936,179,96,315014.2813,243,201
1,124,94.00018311,181,225,430047.6563,244,203
1,33,347.822876,279,160,583120.0625,258,220
1,33,347.822876,279,160,583120.0625,258,220
1,103,78.33122253,185,68,281824.4063,261,210
1,65,225.276123,39,242,880358.1875,266,214
1,300,244.2361298,290,594,2446721.25,241,202
1,1257,126.0604401,273,200,191119.0781,180,137
1,1257,126.0604401,273,200,191119.0781,180,137
1,1257,126.0604401,273,200,191119.0781,180,137
1,1161,208.6943359,251,560,2780458,189,145
1,160,287.3279419,151,66,196414.1094,246,201
1,33,347.822876,279,160,583120.0625,258,220
1,1257,126.0604401,273,200,191119.0781,180,137
1,1257,126.0604401,273,200,191119.0781,180,137
1,26,230.0179749,39,178,436543.8125,268,215
1,26,230.0179749,39,178,436543.8125,268,215
1,159,250.5296936,179,96,315014.2813,243,201
1,1257,126.0604401,273,200,191119.0781,180,137
1,30,339.4439697,271,25,102528.0469,261,221
1,46,155.5560455,262,33,18124.56836,260,217
1,519,184.0599365,147,504,1906785,236,191
1,12,139.7120209,39,328,1368634.75,270,218
1,1223,142.0772552,270,440,946959.875,182,139
1,1223,142.0772552,270,440,946959.875,182,139
1,26,230.0179749,39,178,436543.8125,268,215
1,1559,220.6291962,170,219,334018.7188,168,130
1,258,319.4412231,125,76,219154.0625,251,202
1,258,319.4412231,125,76,219154.0625,251,202
1,258,319.4412231,125,76,219154.0625,251,202
1,258,319.4412231,125,76,219154.0625,251,202
1,258,319.4412231,125,76,219154.0625,251,202
1,258,319.4412231,125,76,219154.0625,251,202
1,26,230.0179749,39,178,436543.8125,268,215
1,26,230.0179749,39,178,436543.8125,268,215
1,922,98.7359848,236,175,641947.4375,205,160
1,12,139.7120209,39,328,1368634.75,270,218
1,173,165.3617249,44,275,830972.9375,258,206
1,177,322.5595703,122,251,1144856.75,261,204
1,100,221.0548096,190,18,61664.41406,256,207
1,1177,349.7113953,265,295,1419321.875,185,142
1,249,223.7468567,124,209,678984.875,252,203
1,249,223.7468567,124,209,678984.875,252,203
1,249,223.7468567,124,209,678984.875,252,203
1,249,223.7468567,124,209,678984.875,252,203
1,249,223.7468567,124,209,678984.875,252,203
1,249,223.7468567,124,209,678984.875,252,203
1,74,117.4744339,186,46,42267.00781,253,206
1,74,117.4744339,186,46,42267.00781,253,206
1,249,223.7468567,124,209,678984.875,252,203
1,249,223.7468567,124,209,678984.875,252,203
1,249,223.7468567,124,209,678984.875,252,203
1,249,223.7468567,124,209,678984.875,252,203
1,249,223.7468567,124,209,678984.875,252,203
1,249,223.7468567,124,209,678984.875,252,203
1,258,319.4412231,125,76,219154.0625,251,202
1,258,319.4412231,125,76,219154.0625,251,202
1,258,319.4412231,125,76,219154.0625,251,202
1,258,319.4412231,125,76,219154.0625,251,202
1,258,319.4412231,125,76,219154.0625,251,202
1,258,319.4412231,125,76,219154.0625,251,202
1,258,319.4412231,125,76,219154.0625,251,202
1,258,319.4412231,125,76,219154.0625,251,202
1,258,319.4412231,125,76,219154.0625,251,202
1,258,319.4412231,125,76,219154.0625,251,202
1,258,319.4412231,125,76,219154.0625,251,202
1,258,319.4412231,125,76,219154.0625,251,202
1,258,319.4412231,125,76,219154.0625,251,202
1,258,319.4412231,125,76,219154.0625,251,202
1,258,319.4412231,125,76,219154.0625,251,202
1,258,319.4412231,125,76,219154.0625,251,202
1,258,319.4412231,125,76,219154.0625,251,202
1,258,319.4412231,125,76,219154.0625,251,202
1,258,319.4412231,125,76,219154.0625,251,202
1,33,347.822876,279,160,583120.0625,258,220
1,71,267.3974304,187,19,66068.14844,255,207
1,71,267.3974304,187,19,66068.14844,255,207
1,10,124.3803406,255,21,34532.59375,251,223
1,48,127.6476212,357,31,66306.10938,256,227
1,48,127.6476212,357,31,66306.10938,256,227
1,157,297.9999084,320,103,348265,245,214
1,159,250.5296936,179,96,315014.2813,243,201
1,155,75.94226074,177,248,969536.25,243,201
1,155,75.94226074,177,248,969536.25,243,201
1,155,75.94226074,177,248,969536.25,243,201
1,159,250.5296936,179,96,315014.2813,243,201
1,781,124.9210815,223,338,1587918.5,214,168
1,781,124.9210815,223,338,1587918.5,214,168
1,159,250.5296936,179,96,315014.2813,243,201
1,781,124.9210815,223,338,1587918.5,214,168
1,781,124.9210815,223,338,1587918.5,214,168
1,159,250.5296936,179,96,315014.2813,243,201
1,33,347.822876,279,160,583120.0625,258,220
1,265,99.15574646,116,224,829569.1875,251,202
1,265,99.15574646,116,224,829569.1875,251,202
1,265,99.15574646,116,224,829569.1875,251,202
1,781,124.9210815,223,338,1587918.5,214,168
1,781,124.9210815,223,338,1587918.5,214,168
1,781,124.9210815,223,338,1587918.5,214,168
1,159,250.5296936,179,96,315014.2813,243,201
1,159,250.5296936,179,96,315014.2813,243,201
1,1021,126.7241058,251,358,1179003.875,195,151
1,159,250.5296936,179,96,315014.2813,243,201
1,159,250.5296936,179,96,315014.2813,243,201
1,155,75.94226074,177,248,969536.25,243,201
1,155,75.94226074,177,248,969536.25,243,201
1,781,124.9210815,223,338,1587918.5,214,168
1,1021,126.7241058,251,358,1179003.875,195,151
1,265,99.15574646,116,224,829569.1875,251,202
1,265,99.15574646,116,224,829569.1875,251,202
1,265,99.15574646,116,224,829569.1875,251,202
1,159,250.5296936,179,96,315014.2813,243,201
1,159,250.5296936,179,96,315014.2813,243,201
1,781,124.9210815,223,338,1587918.5,214,168
1,781,124.9210815,223,338,1587918.5,214,168
1,781,124.9210815,223,338,1587918.5,214,168
1,781,124.9210815,223,338,1587918.5,214,168
1,155,75.94226074,177,248,969536.25,243,201
1,155,75.94226074,177,248,969536.25,243,201
1,155,75.94226074,177,248,969536.25,243,201
1,159,250.5296936,179,96,315014.2813,243,201
1,159,250.5296936,179,96,315014.2813,243,201
1,781,124.9210815,223,338,1587918.5,214,168
1,781,124.9210815,223,338,1587918.5,214,168
1,781,124.9210815,223,338,1587918.5,214,168
1,155,75.94226074,177,248,969536.25,243,201
1,155,75.94226074,177,248,969536.25,243,201
1,155,75.94226074,177,248,969536.25,243,201
1,155,75.94226074,177,248,969536.25,243,201
1,155,75.94226074,177,248,969536.25,243,201
1,155,75.94226074,177,248,969536.25,243,201
1,265,99.15574646,116,224,829569.1875,251,202
1,265,99.15574646,116,224,829569.1875,251,202
1,265,99.15574646,116,224,829569.1875,251,202
1,1021,126.7241058,251,358,1179003.875,195,151
1,33,347.822876,279,160,583120.0625,258,220
1,33,347.822876,279,160,583120.0625,258,220
1,33,347.822876,279,160,583120.0625,258,220
1,33,347.822876,279,160,583120.0625,258,220
1,33,347.822876,279,160,583120.0625,258,220
1,33,347.822876,279,160,583120.0625,258,220
1,11,161.5650482,329,9,4743.416504,257,229
1,33,347.822876,279,160,583120.0625,258,220
1,33,347.822876,279,160,583120.0625,258,220
1,33,347.822876,279,160,583120.0625,258,220
1,33,347.822876,279,160,583120.0625,258,220
1,33,347.822876,279,160,583120.0625,258,220
1,1257,126.0604401,273,200,191119.0781,180,137
1,1257,126.0604401,273,200,191119.0781,180,137
1,74,117.4744339,186,46,42267.00781,253,206
1,74,117.4744339,186,46,42267.00781,253,206
1,1257,126.0604401,273,200,191119.0781,180,137
1,1257,126.0604401,273,200,191119.0781,180,137
1,1257,126.0604401,273,200,191119.0781,180,137
1,1257,126.0604401,273,200,191119.0781,180,137
1,1257,126.0604401,273,200,191119.0781,180,137
1,862,211.8615265,238,268,886585,206,161
1,1257,126.0604401,273,200,191119.0781,180,137
1,1257,126.0604401,273,200,191119.0781,180,137
1,159,250.5296936,179,96,315014.2813,243,201
1,159,250.5296936,179,96,315014.2813,243,201
1,159,250.5296936,179,96,315014.2813,243,201
1,159,250.5296936,179,96,315014.2813,243,201
1,159,250.5296936,179,96,315014.2813,243,201
1,159,250.5296936,179,96,315014.2813,243,201
1,159,250.5296936,179,96,315014.2813,243,201
1,159,250.5296936,179,96,315014.2813,243,201
1,159,250.5296936,179,96,315014.2813,243,201
1,159,250.5296936,179,96,315014.2813,243,201
1,159,250.5296936,179,96,315014.2813,243,201
1,159,250.5296936,179,96,315014.2813,243,201
1,159,250.5296936,179,96,315014.2813,243,201
1,23,285.7247314,316,43,160507.0156,257,221
1,1257,126.0604401,273,200,191119.0781,180,137
1,1257,126.0604401,273,200,191119.0781,180,137
1,1257,126.0604401,273,200,191119.0781,180,137
1,159,250.5296936,179,96,315014.2813,243,201
1,159,250.5296936,179,96,315014.2813,243,201
1,159,250.5296936,179,96,315014.2813,243,201
1,159,250.5296936,179,96,315014.2813,243,201
1,124,94.00018311,181,225,430047.6563,244,203
1,157,297.9999084,320,103,348265,245,214
1,159,250.5296936,179,96,315014.2813,243,201
1,159,250.5296936,179,96,315014.2813,243,201
1,159,250.5296936,179,96,315014.2813,243,201
1,159,250.5296936,179,96,315014.2813,243,201
1,54,185.1050873,187,221,522572.9688,266,214
1,1257,126.0604401,273,200,191119.0781,180,137
1,159,250.5296936,179,96,315014.2813,243,201
1,97,248.5977325,169,97,439830.0938,246,204
1,193,141.7672119,41,495,1980260.25,258,206
1,193,141.7672119,41,495,1980260.25,258,206
1,24,123.1975708,307,37,145198.1406,255,218
1,1257,126.0604401,273,200,191119.0781,180,137
1,97,248.5977325,169,97,439830.0938,246,204
1,97,248.5977325,169,97,439830.0938,246,204
1,580,150.7748413,51,532,2153641.75,239,188
1,580,150.7748413,51,532,2153641.75,239,188
1,580,150.7748413,51,532,2153641.75,239,188
1,580,150.7748413,51,532,2153641.75,239,188
1,33,347.822876,279,160,583120.0625,258,220
1,30,123.6900635,380,4,10816.6543,256,221
1,33,347.822876,279,160,583120.0625,258,220
1,33,347.822876,279,160,583120.0625,258,220
1,159,250.5296936,179,96,315014.2813,243,201
1,73,52.99747467,168,138,259200.6875,248,205
1,73,52.99747467,168,138,259200.6875,248,205
1,178,249.3723602,172,197,421524.0313,257,207
1,209,119.1886292,198,152,498271,242,197
1,209,119.1886292,198,152,498271,242,197
1,61,3.366462708,188,13,51088.16016,249,205
1,835,137.8881531,228,212,1178830.125,209,164
1,33,347.822876,279,160,583120.0625,258,220
1,33,347.822876,279,160,583120.0625,258,220
1,1257,126.0604401,273,200,191119.0781,180,137
1,1257,126.0604401,273,200,191119.0781,180,137
1,144,246.718811,41,179,819746.9375,262,210
1,144,246.718811,41,179,819746.9375,262,210
1,144,246.718811,41,179,819746.9375,262,210
1,1257,126.0604401,273,200,191119.0781,180,137
1,1257,126.0604401,273,200,191119.0781,180,137
1,159,250.5296936,179,96,315014.2813,243,201
1,159,250.5296936,179,96,315014.2813,243,201
1,159,250.5296936,179,96,315014.2813,243,201
1,159,250.5296936,179,96,315014.2813,243,201
1,159,250.5296936,179,96,315014.2813,243,201
1,24,123.1975708,307,37,145198.1406,255,218
1,1257,126.0604401,273,200,191119.0781,180,137
1,33,30.17351913,281,19,74608.98438,258,221
1,160,287.3279419,151,66,196414.1094,246,201
1,3,270,170,5,12000,268,219
1,1223,142.0772552,270,440,946959.875,182,139
1,514,211.7920685,209,285,854152.1875,233,185
1,159,250.5296936,179,96,315014.2813,243,201
1,159,250.5296936,179,96,315014.2813,243,201
1,835,137.8881531,228,212,1178830.125,209,164
1,835,137.8881531,228,212,1178830.125,209,164
1,835,137.8881531,228,212,1178830.125,209,164
1,835,137.8881531,228,212,1178830.125,209,164
1,295,319.7636414,119,59,102176.3203,249,200
1,295,319.7636414,119,59,102176.3203,249,200
1,295,319.7636414,119,59,102176.3203,249,200
1,295,319.7636414,119,59,102176.3203,249,200
1,295,319.7636414,119,59,102176.3203,249,200
1,295,319.7636414,119,59,102176.3203,249,200
1,295,319.7636414,119,59,102176.3203,249,200
1,159,250.5296936,179,96,315014.2813,243,201
1,41,52.90716171,279,47,154201.1719,259,221
1,41,52.90716171,279,47,154201.1719,259,221
1,41,52.90716171,279,47,154201.1719,259,221
1,159,250.5296936,179,96,315014.2813,243,201
1,159,250.5296936,179,96,315014.2813,243,201
1,159,250.5296936,179,96,315014.2813,243,201
1,159,250.5296936,179,96,315014.2813,243,201
1,159,250.5296936,179,96,315014.2813,243,201
1,1257,126.0604401,273,200,191119.0781,180,137
1,1257,126.0604401,273,200,191119.0781,180,137
1,1257,126.0604401,273,200,191119.0781,180,137
1,67,168.4078217,187,28,119436.1719,255,207
1,159,250.5296936,179,96,315014.2813,243,201
1,159,250.5296936,179,96,315014.2813,243,201
1,600,39.40066147,218,452,1195766.25,225,178
1,5,261.0273743,173,16,57706.15234,269,219
1,104,169.353241,188,258,1169126.625,251,204
1,159,250.5296936,179,96,315014.2813,243,201
1,159,250.5296936,179,96,315014.2813,243,201
1,19,21.37062073,182,9,37047.26563,268,217
1,1257,126.0604401,273,200,191119.0781,180,137
1,1257,126.0604401,273,200,191119.0781,180,137
1,1257,126.0604401,273,200,191119.0781,180,137
1,63,194.4702911,187,35,96046.86719,255,207
1,168,273.4353027,218,236,1026344.25,255,208
1,168,273.4353027,218,236,1026344.25,255,208
1,33,347.822876,279,160,583120.0625,258,220
1,33,347.822876,279,160,583120.0625,258,220
1,55,236.3099365,110,31,108166.5391,266,223
1,159,250.5296936,179,96,315014.2813,243,201
1,159,250.5296936,179,96,315014.2813,243,201
1,159,250.5296936,179,96,315014.2813,243,201
1,1257,126.0604401,273,200,191119.0781,180,137
1,835,137.8881531,228,212,1178830.125,209,164
1,26,230.0179749,39,178,436543.8125,268,215
1,923,37.7131958,242,492,1956812,202,165
1,33,347.822876,279,160,583120.0625,258,220
1,33,347.822876,279,160,583120.0625,258,220
1,208,44.31793976,179,47,178203.5313,239,197
1,208,44.31793976,179,47,178203.5313,239,197
1,1257,126.0604401,273,200,191119.0781,180,137
1,160,287.3279419,151,66,196414.1094,246,201
1,160,287.3279419,151,66,196414.1094,246,201
1,160,287.3279419,151,66,196414.1094,246,201
1,24,84.80557251,173,24,115976.2891,270,218
1,24,84.80557251,173,24,115976.2891,270,218
1,26,230.0179749,39,178,436543.8125,268,215
1,26,230.0179749,39,178,436543.8125,268,215
1,3,225,170,2,4242.640625,268,219
1,985,209.1288147,238,562,2474450,201,156
1,257,318.3664551,119,75,108374.3516,251,202
1,257,318.3664551,119,75,108374.3516,251,202
1,159,250.5296936,179,96,315014.2813,243,201
1,159,250.5296936,179,96,315014.2813,243,201
1,1257,126.0604401,273,200,191119.0781,180,137
1,97,248.5977325,169,97,439830.0938,246,204
1,159,250.5296936,179,96,315014.2813,243,201
1,257,318.3664551,119,75,108374.3516,251,202
1,136,348.5244751,152,296,1221416.375,249,204
1,33,347.822876,279,160,583120.0625,258,220
1,33,347.822876,279,160,583120.0625,258,220
1,159,250.5296936,179,96,315014.2813,243,201
1,257,318.3664551,119,75,108374.3516,251,202
1,257,318.3664551,119,75,108374.3516,251,202
1,24,84.80557251,173,24,115976.2891,270,218
1,257,318.3664551,119,75,108374.3516,251,202
1,257,318.3664551,119,75,108374.3516,251,202
1,159,250.5296936,179,96,315014.2813,243,201
1,24,84.80557251,173,24,115976.2891,270,218
1,257,318.3664551,119,75,108374.3516,251,202
1,257,318.3664551,119,75,108374.3516,251,202
1,257,318.3664551,119,75,108374.3516,251,202
1,24,84.80557251,173,24,115976.2891,270,218
1,136,348.5244751,152,296,1221416.375,249,204
1,159,250.5296936,179,96,315014.2813,243,201
1,33,347.822876,279,160,583120.0625,258,220
1,159,250.5296936,179,96,315014.2813,243,201
1,159,250.5296936,179,96,315014.2813,243,201
1,159,250.5296936,179,96,315014.2813,243,201
1,159,250.5296936,179,96,315014.2813,243,201
1,159,250.5296936,179,96,315014.2813,243,201
1,1021,126.7241058,251,358,1179003.875,195,151
1,159,250.5296936,179,96,315014.2813,243,201
1,33,347.822876,279,160,583120.0625,258,220
1,33,347.822876,279,160,583120.0625,258,220
1,1366,181.0920105,200,390,2046371.625,178,139
1,159,250.5296936,179,96,315014.2813,243,201
1,159,250.5296936,179,96,315014.2813,243,201
1,159,250.5296936,179,96,315014.2813,243,201
1,159,250.5296936,179,96,315014.2813,243,201
1,159,250.5296936,179,96,315014.2813,243,201
1,159,250.5296936,179,96,315014.2813,243,201
1,159,250.5296936,179,96,315014.2813,243,201
1,159,250.5296936,179,96,315014.2813,243,201
1,159,250.5296936,179,96,315014.2813,243,201
1,159,250.5296936,179,96,315014.2813,243,201
1,159,250.5296936,179,96,315014.2813,243,201
1,159,250.5296936,179,96,315014.2813,243,201
1,159,250.5296936,179,96,315014.2813,243,201
1,159,250.5296936,179,96,315014.2813,243,201
1,159,250.5296936,179,96,315014.2813,243,201
1,159,250.5296936,179,96,315014.2813,243,201
1,159,250.5296936,179,96,315014.2813,243,201
1,159,250.5296936,179,96,315014.2813,243,201
1,159,250.5296936,179,96,315014.2813,243,201
1,159,250.5296936,179,96,315014.2813,243,201
0,58,314.479126,253,75,233354.875,257,215
0,14,194.2372742,184,40,103684.6172,262,216
0,29,19.35899353,176,18,58826.01563,262,216
0,31,135,225,7,10606.60156,259,217
0,14,225,195,5,14849.24219,261,217
0,15,74.74488068,188,7,34205.26172,262,218
0,73,280.7714539,238,60,313015.1875,256,213
0,92,330.7671814,284,73,187361.9531,253,213
0,26,333.4349365,190,21,33541.01953,262,218
0,19,216.8699036,205,19,60000,261,218
0,36,317.0454102,242,41,118869.6797,258,216
0,40,7.765167236,214,34,66610.8125,259,216
0,58,57.4074173,237,77,108602.4844,257,214
0,25,139.2363892,210,18,57432.57031,260,217
0,55,349.9920044,249,17,25894.01563,256,214
0,18,300.5792236,195,17,76661.59375,261,217
0,17,251.5650482,204,8,23717.08203,262,218
0,23,120.4655457,219,23,59169.25,260,217
0,31,130.2363586,219,12,25544.08008,260,217
0,15,167.0053864,191,10,20012.49609,262,218
0,191,220.9143829,266,222,893224.5,248,207
0,228,273.052063,254,460,1380458.125,246,204
0,32,219.2894135,208,15,63957.01563,259,216
0,69,280.2568359,239,43,160057.7969,256,214
0,38,232.6960449,214,23,79202.27344,258,214
0,27,315,212,12,14849.24219,260,217
0,47,39.97592545,198,165,775138.6875,259,214
0,63,283.7362671,238,14,69487.40625,256,214
0,30,324.926239,202,33,86142.32031,260,216
0,98,75.78414917,285,73,348161.5938,253,213
0,69,282.5288086,262,23,55317.26563,255,214
0,262,283.47229,250,231,997961.1875,244,202
0,44,246.1612549,162,19,70515.95313,262,215
0,456,248.8586731,254,340,1426513.375,234,192
0,136,240.4221649,243,81,191448.4219,252,210
0,21,135,198,9,16970.5625,262,218
0,358,179.1427612,252,462,2406269.25,239,197
0,19,221.7295074,221,27,74367.32813,260,217
0,37,225,185,18,19091.88281,260,216
0,256,234.462326,302,216,387104.625,244,205
0,29,239.3493347,201,30,94154.13281,261,216
0,51,211.759491,235,21,74094.53125,257,215
0,43,88.60282135,171,23,61518.28906,262,216
0,95,94.23639679,249,53,162443.8438,255,213
0,35,229.0856171,197,20,29774.15039,261,217
0,66,30.96375656,257,31,43732.14063,257,215
0,44,128.884491,197,28,59736.92188,259,216
0,453,38.42287827,261,274,963053.75,234,193
0,13,16.38954163,184,18,53160.13672,262,217
0,372,178.5952148,269,270,550665.5,239,198
0,19,204.4439545,207,20,18124.56836,260,217
0,72,273.1798096,238,20,54083.26953,256,214
0,28,19.53665161,185,29,98681.30469,261,216
0,100,260.7066956,258,41,167194.5,253,212
0,243,271.1306763,263,346,1368266.375,245,204
0,499,174.7130585,262,114,504646.9063,231,190
0,48,120.3581161,172,70,243370.0938,261,216
0,36,225,213,15,14849.24219,258,214
0,35,303.1113281,211,19,41188.58984,260,216
0,120,348.4951782,259,70,172975.4375,253,212
0,66,344.744873,256,14,34205.26172,256,215
0,28,161.5650482,206,16,52177.58203,260,217
0,256,75.57922363,282,154,216831.7344,244,204
0,25,225,220,13,48790.36719,260,217
0,61,208.1785889,235,22,95294.28125,257,214
0,124,123.2317123,275,19,52004.80859,252,212
0,305,278.3798828,267,308,1070428.375,242,201
0,113,309.8055725,276,52,164015.25,252,212
0,33,139.2363892,226,23,57432.57031,260,217
0,38,112.7509766,194,24,100846.4141,261,217
0,29,8.426971436,206,22,81884.0625,260,216
0,212,313.8947449,199,195,659853.375,249,204
0,20,198.4349518,205,26,99611.75,260,216
0,52,294.1455383,193,20,47670.74609,260,216
0,64,120.9637604,218,32,26239.2832,257,214
0,22,205.0168915,209,10,24829.41797,260,217
0,27,6.340194702,187,39,67915.39063,262,216
0,9,353.65979,188,11,27166.15625,263,217
0,29,5.76789093,200,95,298511.3125,261,216
0,650,76.75948334,259,118,209570.9844,224,183
0,73,154.0934906,252,41,175095.6875,256,214
0,119,186.0090027,278,43,171944.7656,253,212
0,101,212.6919861,240,37,119417.3359,254,211
0,62,60.25511932,254,20,48373.54688,257,215
0,51,225,218,14,21213.20313,258,214
0,446,79.55767059,276,455,2292468.25,233,193
0,38,233.6156464,226,19,70802.53906,259,216
0,21,346.8274536,206,14,72405.10938,260,217
0,12,354.8055725,188,11,33136.08203,263,218
0,21,180,213,21,51000,260,217
0,320,229.0426636,256,576,2016027.875,241,199
0,20,0,187,36,72000,263,218
0,25,53.36588669,175,21,72900.61719,263,217
0,39,321.34021,206,15,19209.37305,259,214
0,67,68.42869568,251,19,69357.76563,257,215
0,9,244.6538239,195,20,63071.38672,261,216
0,240,300.5475769,251,231,849969.4375,245,203
0,75,7.765167236,260,31,66610.8125,255,214
0,76,127.6942444,243,42,166817.2656,255,213
0,30,214.6951599,224,10,47434.16406,259,217
0,26,302.2756348,198,21,67416.61719,261,216
0,92,319.9697266,256,28,48974.48438,254,213
0,48,87.87890625,165,16,40527.76953,262,215
0,819,271.0303955,256,298,834134.875,214,173
0,40,189.4623108,181,18,54744.86328,260,216
0,56,282.9259949,238,45,187757.8281,257,215
0,33,54.78240585,175,22,62425.95703,262,215
0,98,272.9507751,261,39,145693.1719,255,214
0,198,238.1606598,270,330,1481406.25,249,208
0,70,246.8014069,246,77,308438.8125,257,215
0,116,317.8500366,292,300,981263.75,253,213
0,45,313.3634033,210,20,74276.50781,260,216
0,42,143.880661,176,43,137411.7969,261,216
0,45,176.0817566,163,30,109756.5469,261,215
0,104,316.0809326,271,44,112449.9922,254,213
0,6,240.2551117,182,9,48373.54688,262,216
0,23,43.02506638,188,13,61554.85547,261,217
0,8,135,187,24,114551.2969,262,217
0,484,214.0338745,288,308,1594653.125,231,192
0,116,343.5112305,262,46,195541.5625,253,212
0,402,243.621582,291,298,1235657.75,237,197
0,127,120.0685806,286,138,230522.2344,252,212
0,47,165.9637451,170,19,24738.63281,262,216
0,12,259.3803406,188,27,48836.46094,262,217
0,425,312.7760315,261,162,218660.7031,235,194
0,34,23.19859314,188,14,34270.98047,261,217
0,351,203.2631836,255,181,698813.25,240,198
0,597,40.01416397,256,332,1635361.875,226,185
0,19,67.38013458,177,20,39000,262,216
0,116,142.6960449,274,24,79202.27344,253,212
0,54,57.72435379,188,21,67416.61719,260,216
0,351,330.6833191,278,439,2165893,239,199
0,184,274.4911499,294,334,1283440.875,249,209
0,39,91.12330627,212,24,76514.70313,259,216
0,37,160.0962524,178,43,185054.0469,262,217
